Date,Transaction_ID,SKU,Product_Name,Quantity_Sold,Stock_After_Sale,Safety_Stock,Reorder_Point,Trigger_Type,New_Trigger
2017-09-28,T171543,PROD-627,Under Armour Girls' Toddler Spine Surge Runni,5,238,63,284,WARNING,True
2017-09-28,T171596,PROD-627,Under Armour Girls' Toddler Spine Surge Runni,2,236,63,284,WARNING,False
2017-09-28,T171580,PROD-627,Under Armour Girls' Toddler Spine Surge Runni,3,233,63,284,WARNING,False
2017-09-29,T171661,PROD-957,Diamondback Women's Serene Classic Comfort Bi,1,91,27,123,WARNING,True
2017-09-29,T171701,PROD-957,Diamondback Women's Serene Classic Comfort Bi,1,90,27,123,WARNING,False
2017-09-29,T171649,PROD-957,Diamondback Women's Serene Classic Comfort Bi,1,89,27,123,WARNING,False
2017-09-29,T171777,PROD-957,Diamondback Women's Serene Classic Comfort Bi,1,88,27,123,WARNING,False
2017-09-29,T171699,PROD-957,Diamondback Women's Serene Classic Comfort Bi,1,87,27,123,WARNING,False
2017-09-29,T171750,PROD-957,Diamondback Women's Serene Classic Comfort Bi,1,86,27,123,WARNING,False
2017-09-29,T171657,PROD-957,Diamondback Women's Serene Classic Comfort Bi,1,85,27,123,WARNING,False
2017-09-29,T171656,PROD-957,Diamondback Women's Serene Classic Comfort Bi,1,84,27,123,WARNING,False
2017-09-29,T171771,PROD-627,Under Armour Girls' Toddler Spine Surge Runni,5,228,63,284,WARNING,False
2017-09-29,T171741,PROD-627,Under Armour Girls' Toddler Spine Surge Runni,2,226,63,284,WARNING,False
2017-09-29,T171783,PROD-627,Under Armour Girls' Toddler Spine Surge Runni,5,221,63,284,WARNING,False
2017-09-29,T171764,PROD-627,Under Armour Girls' Toddler Spine Surge Runni,5,216,63,284,WARNING,False
2017-09-29,T171748,PROD-627,Under Armour Girls' Toddler Spine Surge Runni,5,211,63,284,WARNING,False
2017-09-29,T171757,PROD-627,Under Armour Girls' Toddler Spine Surge Runni,5,206,63,284,WARNING,False
2017-09-29,T171684,PROD-627,Under Armour Girls' Toddler Spine Surge Runni,4,202,63,284,WARNING,False
2017-09-29,T171662,PROD-627,Under Armour Girls' Toddler Spine Surge Runni,5,197,63,284,WARNING,False
2017-09-29,T171621,PROD-627,Under Armour Girls' Toddler Spine Surge Runni,3,194,63,284,WARNING,False
2017-09-30,T171846,PROD-1004,Field & Stream Sportsman 16 Gun Fire Safe,1,107,34,155,WARNING,True
2017-09-30,T171819,PROD-1004,Field & Stream Sportsman 16 Gun Fire Safe,1,106,34,155,WARNING,False
2017-09-30,T171825,PROD-1004,Field & Stream Sportsman 16 Gun Fire Safe,1,105,34,155,WARNING,False
2017-09-30,T171875,PROD-1073,Pelican Sunstream 100 Kayak,1,99,31,139,WARNING,True
2017-09-30,T171823,PROD-1073,Pelican Sunstream 100 Kayak,1,98,31,139,WARNING,False
2017-09-30,T171856,PROD-1073,Pelican Sunstream 100 Kayak,1,97,31,139,WARNING,False
2017-09-30,T171799,PROD-1073,Pelican Sunstream 100 Kayak,1,96,31,139,WARNING,False
2017-09-30,T171829,PROD-1073,Pelican Sunstream 100 Kayak,1,95,31,139,WARNING,False
2017-09-30,T171944,PROD-627,Under Armour Girls' Toddler Spine Surge Runni,2,192,63,284,WARNING,False
2017-09-30,T171798,PROD-627,Under Armour Girls' Toddler Spine Surge Runni,5,187,63,284,WARNING,False
2017-09-30,T171817,PROD-627,Under Armour Girls' Toddler Spine Surge Runni,2,185,63,284,WARNING,False
2017-09-30,T171948,PROD-627,Under Armour Girls' Toddler Spine Surge Runni,3,182,63,284,WARNING,False
2017-09-30,T171830,PROD-627,Under Armour Girls' Toddler Spine Surge Runni,1,181,63,284,WARNING,False
2017-09-30,T171828,PROD-1004,Field & Stream Sportsman 16 Gun Fire Safe,1,104,34,155,WARNING,False
2017-09-30,T171838,PROD-627,Under Armour Girls' Toddler Spine Surge Runni,4,177,63,284,WARNING,False
2017-09-30,T171891,PROD-627,Under Armour Girls' Toddler Spine Surge Runni,4,173,63,284,WARNING,False
2017-09-30,T171937,PROD-1004,Field & Stream Sportsman 16 Gun Fire Safe,1,103,34,155,WARNING,False
2017-09-30,T171898,PROD-957,Diamondback Women's Serene Classic Comfort Bi,1,83,27,123,WARNING,False
2017-09-30,T171962,PROD-957,Diamondback Women's Serene Classic Comfort Bi,1,82,27,123,WARNING,False
2017-09-30,T171866,PROD-957,Diamondback Women's Serene Classic Comfort Bi,1,81,27,123,WARNING,False
2017-09-30,T171903,PROD-957,Diamondback Women's Serene Classic Comfort Bi,1,80,27,123,WARNING,False
2017-09-30,T171880,PROD-957,Diamondback Women's Serene Classic Comfort Bi,1,79,27,123,WARNING,False
2017-09-30,T171941,PROD-957,Diamondback Women's Serene Classic Comfort Bi,1,78,27,123,WARNING,False
2017-09-30,T171924,PROD-957,Diamondback Women's Serene Classic Comfort Bi,1,77,27,123,WARNING,False
2017-09-30,T171870,PROD-627,Under Armour Girls' Toddler Spine Surge Runni,2,171,63,284,WARNING,False
2017-09-30,T171789,PROD-1004,Field & Stream Sportsman 16 Gun Fire Safe,1,102,34,155,WARNING,False
2017-09-30,T171904,PROD-627,Under Armour Girls' Toddler Spine Surge Runni,4,167,63,284,WARNING,False
2017-09-30,T171821,PROD-1014,O'Brien Men's Neoprene Life Vest,4,341,115,518,WARNING,True
2017-09-30,T171847,PROD-1014,O'Brien Men's Neoprene Life Vest,4,337,115,518,WARNING,False
2017-09-30,T171785,PROD-1004,Field & Stream Sportsman 16 Gun Fire Safe,1,101,34,155,WARNING,False
2017-09-30,T171888,PROD-1014,O'Brien Men's Neoprene Life Vest,2,335,115,518,WARNING,False
2017-09-30,T171860,PROD-1014,O'Brien Men's Neoprene Life Vest,5,330,115,518,WARNING,False
2017-09-30,T171835,PROD-1014,O'Brien Men's Neoprene Life Vest,3,327,115,518,WARNING,False
2017-09-30,T171923,PROD-1004,Field & Stream Sportsman 16 Gun Fire Safe,1,100,34,155,WARNING,False
2017-09-30,T171813,PROD-1004,Field & Stream Sportsman 16 Gun Fire Safe,1,99,34,155,WARNING,False
2017-09-30,T171936,PROD-1004,Field & Stream Sportsman 16 Gun Fire Safe,1,98,34,155,WARNING,False
2017-09-30,T171929,PROD-1004,Field & Stream Sportsman 16 Gun Fire Safe,1,97,34,155,WARNING,False
2017-09-30,T171864,PROD-1004,Field & Stream Sportsman 16 Gun Fire Safe,1,96,34,155,WARNING,False
2017-09-30,T171802,PROD-1004,Field & Stream Sportsman 16 Gun Fire Safe,1,95,34,155,WARNING,False
2017-10-01,T171993,PROD-403,Nike Men's CJ Elite 2 TD Football Cleat,1,129,44,199,WARNING,True
2017-10-01,T172071,PROD-403,Nike Men's CJ Elite 2 TD Football Cleat,1,128,44,199,WARNING,False
2017-10-01,T171966,PROD-403,Nike Men's CJ Elite 2 TD Football Cleat,1,127,44,199,WARNING,False
2017-10-01,T172110,PROD-403,Nike Men's CJ Elite 2 TD Football Cleat,1,126,44,199,WARNING,False
2017-10-01,T172048,PROD-403,Nike Men's CJ Elite 2 TD Football Cleat,1,125,44,199,WARNING,False
2017-10-01,T172074,PROD-403,Nike Men's CJ Elite 2 TD Football Cleat,1,124,44,199,WARNING,False
2017-10-01,T172002,PROD-403,Nike Men's CJ Elite 2 TD Football Cleat,1,123,44,199,WARNING,False
2017-10-01,T171975,PROD-403,Nike Men's CJ Elite 2 TD Football Cleat,1,122,44,199,WARNING,False
2017-10-01,T172098,PROD-403,Nike Men's CJ Elite 2 TD Football Cleat,1,121,44,199,WARNING,False
2017-10-01,T172026,PROD-403,Nike Men's CJ Elite 2 TD Football Cleat,1,120,44,199,WARNING,False
2017-10-01,T172120,PROD-403,Nike Men's CJ Elite 2 TD Football Cleat,1,119,44,199,WARNING,False
2017-10-01,T172030,PROD-403,Nike Men's CJ Elite 2 TD Football Cleat,1,118,44,199,WARNING,False
2017-10-01,T172089,PROD-403,Nike Men's CJ Elite 2 TD Football Cleat,1,117,44,199,WARNING,False
2017-10-01,T171972,PROD-403,Nike Men's CJ Elite 2 TD Football Cleat,1,116,44,199,WARNING,False
2017-10-01,T171976,PROD-403,Nike Men's CJ Elite 2 TD Football Cleat,1,115,44,199,WARNING,False
2017-10-01,T172085,PROD-403,Nike Men's CJ Elite 2 TD Football Cleat,1,114,44,199,WARNING,False
2017-10-01,T172014,PROD-403,Nike Men's CJ Elite 2 TD Football Cleat,1,113,44,199,WARNING,False
2017-10-01,T172078,PROD-403,Nike Men's CJ Elite 2 TD Football Cleat,1,112,44,199,WARNING,False
2017-10-01,T172094,PROD-403,Nike Men's CJ Elite 2 TD Football Cleat,1,111,44,199,WARNING,False
2017-10-01,T172059,PROD-403,Nike Men's CJ Elite 2 TD Football Cleat,1,110,44,199,WARNING,False
2017-10-01,T171995,PROD-403,Nike Men's CJ Elite 2 TD Football Cleat,1,109,44,199,WARNING,False
2017-10-01,T172037,PROD-1004,Field & Stream Sportsman 16 Gun Fire Safe,1,94,34,155,WARNING,False
2017-10-01,T171990,PROD-1014,O'Brien Men's Neoprene Life Vest,1,326,115,518,WARNING,False
2017-10-01,T172024,PROD-1073,Pelican Sunstream 100 Kayak,1,94,31,139,WARNING,False
2017-10-01,T171983,PROD-1073,Pelican Sunstream 100 Kayak,1,93,31,139,WARNING,False
2017-10-01,T172058,PROD-1073,Pelican Sunstream 100 Kayak,1,92,31,139,WARNING,False
2017-10-01,T172066,PROD-1073,Pelican Sunstream 100 Kayak,1,91,31,139,WARNING,False
2017-10-01,T171997,PROD-1073,Pelican Sunstream 100 Kayak,1,90,31,139,WARNING,False
2017-10-01,T172021,PROD-1014,O'Brien Men's Neoprene Life Vest,2,324,115,518,WARNING,False
2017-10-01,T171974,PROD-1073,Pelican Sunstream 100 Kayak,1,89,31,139,WARNING,False
2017-10-01,T172011,PROD-1073,Pelican Sunstream 100 Kayak,1,88,31,139,WARNING,False
2017-10-01,T172008,PROD-1073,Pelican Sunstream 100 Kayak,1,87,31,139,WARNING,False
2017-10-01,T172067,PROD-957,Diamondback Women's Serene Classic Comfort Bi,1,76,27,123,WARNING,False
2017-10-01,T172084,PROD-957,Diamondback Women's Serene Classic Comfort Bi,1,75,27,123,WARNING,False
2017-10-01,T172056,PROD-957,Diamondback Women's Serene Classic Comfort Bi,1,74,27,123,WARNING,False
2017-10-01,T172090,PROD-957,Diamondback Women's Serene Classic Comfort Bi,1,73,27,123,WARNING,False
2017-10-01,T171971,PROD-1073,Pelican Sunstream 100 Kayak,1,86,31,139,WARNING,False
2017-10-01,T171968,PROD-1004,Field & Stream Sportsman 16 Gun Fire Safe,1,93,34,155,WARNING,False
2017-10-01,T171994,PROD-1014,O'Brien Men's Neoprene Life Vest,2,322,115,518,WARNING,False
2017-10-01,T172126,PROD-957,Diamondback Women's Serene Classic Comfort Bi,1,72,27,123,WARNING,False
2017-10-01,T172107,PROD-957,Diamondback Women's Serene Classic Comfort Bi,1,71,27,123,WARNING,False
2017-10-01,T171973,PROD-957,Diamondback Women's Serene Classic Comfort Bi,1,70,27,123,WARNING,False
2017-10-01,T171981,PROD-957,Diamondback Women's Serene Classic Comfort Bi,1,69,27,123,WARNING,False
2017-10-01,T172070,PROD-957,Diamondback Women's Serene Classic Comfort Bi,1,68,27,123,WARNING,False
2017-10-01,T172006,PROD-1004,Field & Stream Sportsman 16 Gun Fire Safe,1,92,34,155,WARNING,False
2017-10-01,T172028,PROD-1014,O'Brien Men's Neoprene Life Vest,1,321,115,518,WARNING,False
2017-10-01,T172113,PROD-1073,Pelican Sunstream 100 Kayak,1,85,31,139,WARNING,False
2017-10-01,T171998,PROD-1073,Pelican Sunstream 100 Kayak,1,84,31,139,WARNING,False
2017-10-01,T172075,PROD-1073,Pelican Sunstream 100 Kayak,1,83,31,139,WARNING,False
2017-10-01,T172109,PROD-1073,Pelican Sunstream 100 Kayak,1,82,31,139,WARNING,False
2017-10-01,T172027,PROD-1073,Pelican Sunstream 100 Kayak,1,81,31,139,WARNING,False
2017-10-01,T172020,PROD-1073,Pelican Sunstream 100 Kayak,1,80,31,139,WARNING,False
2017-10-01,T172042,PROD-1073,Pelican Sunstream 100 Kayak,1,79,31,139,WARNING,False
2017-10-01,T172099,PROD-1073,Pelican Sunstream 100 Kayak,1,78,31,139,WARNING,False
2017-10-01,T171999,PROD-1004,Field & Stream Sportsman 16 Gun Fire Safe,1,91,34,155,WARNING,False
2017-10-01,T172081,PROD-957,Diamondback Women's Serene Classic Comfort Bi,1,67,27,123,WARNING,False
2017-10-01,T172118,PROD-1004,Field & Stream Sportsman 16 Gun Fire Safe,1,90,34,155,WARNING,False
2017-10-01,T172086,PROD-1014,O'Brien Men's Neoprene Life Vest,3,318,115,518,WARNING,False
2017-10-01,T172063,PROD-627,Under Armour Girls' Toddler Spine Surge Runni,5,162,63,284,WARNING,False
2017-10-01,T172054,PROD-627,Under Armour Girls' Toddler Spine Surge Runni,2,160,63,284,WARNING,False
2017-10-01,T172051,PROD-627,Under Armour Girls' Toddler Spine Surge Runni,2,158,63,284,WARNING,False
2017-10-01,T172040,PROD-627,Under Armour Girls' Toddler Spine Surge Runni,2,156,63,284,WARNING,False
2017-10-01,T172097,PROD-627,Under Armour Girls' Toddler Spine Surge Runni,5,151,63,284,WARNING,False
2017-10-01,T172114,PROD-1004,Field & Stream Sportsman 16 Gun Fire Safe,1,89,34,155,WARNING,False
2017-10-01,T172005,PROD-627,Under Armour Girls' Toddler Spine Surge Runni,4,147,63,284,WARNING,False
2017-10-01,T172073,PROD-1014,O'Brien Men's Neoprene Life Vest,5,313,115,518,WARNING,False
2017-10-01,T172079,PROD-1004,Field & Stream Sportsman 16 Gun Fire Safe,1,88,34,155,WARNING,False
2017-10-01,T171977,PROD-957,Diamondback Women's Serene Classic Comfort Bi,1,66,27,123,WARNING,False
2017-10-01,T172047,PROD-1004,Field & Stream Sportsman 16 Gun Fire Safe,1,87,34,155,WARNING,False
2017-10-01,T171988,PROD-1004,Field & Stream Sportsman 16 Gun Fire Safe,1,86,34,155,WARNING,False
2017-10-01,T172083,PROD-1014,O'Brien Men's Neoprene Life Vest,1,312,115,518,WARNING,False
2017-10-01,T172052,PROD-1014,O'Brien Men's Neoprene Life Vest,4,308,115,518,WARNING,False
2017-10-01,T172016,PROD-1014,O'Brien Men's Neoprene Life Vest,3,305,115,518,WARNING,False
2017-10-01,T171970,PROD-1014,O'Brien Men's Neoprene Life Vest,4,301,115,518,WARNING,False
2017-10-01,T171967,PROD-1014,O'Brien Men's Neoprene Life Vest,2,299,115,518,WARNING,False
2017-10-01,T171989,PROD-1014,O'Brien Men's Neoprene Life Vest,2,297,115,518,WARNING,False
2017-10-01,T172031,PROD-1004,Field & Stream Sportsman 16 Gun Fire Safe,1,85,34,155,WARNING,False
2017-10-01,T172069,PROD-1014,O'Brien Men's Neoprene Life Vest,1,296,115,518,WARNING,False
2017-10-01,T172087,PROD-1014,O'Brien Men's Neoprene Life Vest,1,295,115,518,WARNING,False
2017-10-01,T172033,PROD-1014,O'Brien Men's Neoprene Life Vest,5,290,115,518,WARNING,False
2017-10-01,T171969,PROD-1014,O'Brien Men's Neoprene Life Vest,2,288,115,518,WARNING,False
2017-10-01,T172112,PROD-1014,O'Brien Men's Neoprene Life Vest,4,284,115,518,WARNING,False
2017-10-01,T172050,PROD-1004,Field & Stream Sportsman 16 Gun Fire Safe,1,84,34,155,WARNING,False
2017-10-01,T172095,PROD-1014,O'Brien Men's Neoprene Life Vest,1,283,115,518,WARNING,False
2017-10-01,T172093,PROD-1004,Field & Stream Sportsman 16 Gun Fire Safe,1,83,34,155,WARNING,False
2017-10-01,T172122,PROD-1004,Field & Stream Sportsman 16 Gun Fire Safe,1,82,34,155,WARNING,False
2017-10-01,T172106,PROD-1014,O'Brien Men's Neoprene Life Vest,1,282,115,518,WARNING,False
2017-10-01,T172072,PROD-1004,Field & Stream Sportsman 16 Gun Fire Safe,1,81,34,155,WARNING,False
2017-10-02,T172157,PROD-957,Diamondback Women's Serene Classic Comfort Bi,1,65,27,123,WARNING,False
2017-10-02,T172153,PROD-957,Diamondback Women's Serene Classic Comfort Bi,1,64,27,123,WARNING,False
2017-10-02,T172178,PROD-627,Under Armour Girls' Toddler Spine Surge Runni,2,145,63,284,WARNING,False
2017-10-02,T172132,PROD-627,Under Armour Girls' Toddler Spine Surge Runni,1,144,63,284,WARNING,False
2017-10-02,T172165,PROD-627,Under Armour Girls' Toddler Spine Surge Runni,2,142,63,284,WARNING,False
2017-10-02,T172137,PROD-403,Nike Men's CJ Elite 2 TD Football Cleat,1,108,44,199,WARNING,False
2017-10-02,T172194,PROD-403,Nike Men's CJ Elite 2 TD Football Cleat,1,107,44,199,WARNING,False
2017-10-02,T172168,PROD-403,Nike Men's CJ Elite 2 TD Football Cleat,1,106,44,199,WARNING,False
2017-10-02,T172182,PROD-403,Nike Men's CJ Elite 2 TD Football Cleat,1,105,44,199,WARNING,False
2017-10-02,T172187,PROD-403,Nike Men's CJ Elite 2 TD Football Cleat,1,104,44,199,WARNING,False
2017-10-02,T172186,PROD-403,Nike Men's CJ Elite 2 TD Football Cleat,1,103,44,199,WARNING,False
2017-10-02,T172167,PROD-403,Nike Men's CJ Elite 2 TD Football Cleat,1,102,44,199,WARNING,False
2017-10-02,T172185,PROD-403,Nike Men's CJ Elite 2 TD Football Cleat,1,101,44,199,WARNING,False
2017-10-02,T172158,PROD-403,Nike Men's CJ Elite 2 TD Football Cleat,1,100,44,199,WARNING,False
2017-10-02,T172184,PROD-957,Diamondback Women's Serene Classic Comfort Bi,1,63,27,123,WARNING,False
2017-10-02,T172128,PROD-1073,Pelican Sunstream 100 Kayak,1,77,31,139,WARNING,False
2017-10-02,T172160,PROD-1073,Pelican Sunstream 100 Kayak,1,76,31,139,WARNING,False
2017-10-02,T172151,PROD-1073,Pelican Sunstream 100 Kayak,1,75,31,139,WARNING,False
2017-10-02,T172164,PROD-1073,Pelican Sunstream 100 Kayak,1,74,31,139,WARNING,False
2017-10-02,T172191,PROD-1073,Pelican Sunstream 100 Kayak,1,73,31,139,WARNING,False
2017-10-02,T172136,PROD-1073,Pelican Sunstream 100 Kayak,1,72,31,139,WARNING,False
2017-10-02,T172133,PROD-1073,Pelican Sunstream 100 Kayak,1,71,31,139,WARNING,False
2017-10-02,T172173,PROD-957,Diamondback Women's Serene Classic Comfort Bi,1,62,27,123,WARNING,False
2017-10-02,T172148,PROD-1014,O'Brien Men's Neoprene Life Vest,3,279,115,518,WARNING,False
2017-10-02,T172139,PROD-1073,Pelican Sunstream 100 Kayak,1,70,31,139,WARNING,False
2017-10-02,T172145,PROD-1014,O'Brien Men's Neoprene Life Vest,5,274,115,518,WARNING,False
2017-10-02,T172193,PROD-1014,O'Brien Men's Neoprene Life Vest,3,271,115,518,WARNING,False
2017-10-02,T172192,PROD-1014,O'Brien Men's Neoprene Life Vest,5,266,115,518,WARNING,False
2017-10-02,T172189,PROD-1014,O'Brien Men's Neoprene Life Vest,3,263,115,518,WARNING,False
2017-10-02,T172156,PROD-1004,Field & Stream Sportsman 16 Gun Fire Safe,1,80,34,155,WARNING,False
2017-10-02,T172163,PROD-1004,Field & Stream Sportsman 16 Gun Fire Safe,1,79,34,155,WARNING,False
2017-10-02,T172179,PROD-1004,Field & Stream Sportsman 16 Gun Fire Safe,1,78,34,155,WARNING,False
2017-10-02,T172146,PROD-1014,O'Brien Men's Neoprene Life Vest,4,259,115,518,WARNING,False
2017-10-18,T173294,PROD-1349,Web Camera,1,66,45,90,WARNING,True
2017-10-18,T173271,PROD-1349,Web Camera,1,65,45,90,WARNING,False
2017-10-18,T173290,PROD-1349,Web Camera,1,64,45,90,WARNING,False
2017-10-18,T173272,PROD-1349,Web Camera,1,63,45,90,WARNING,False
2017-10-18,T173292,PROD-1349,Web Camera,1,62,45,90,WARNING,False
2017-10-18,T173273,PROD-1349,Web Camera,1,61,45,90,WARNING,False
2017-10-18,T173277,PROD-1349,Web Camera,1,60,45,90,WARNING,False
2017-10-18,T173259,PROD-1349,Web Camera,1,59,45,90,WARNING,False
2017-10-18,T173283,PROD-1349,Web Camera,1,58,45,90,WARNING,False
2017-10-18,T173269,PROD-1349,Web Camera,1,57,45,90,WARNING,False
2017-10-18,T173287,PROD-1349,Web Camera,1,56,45,90,WARNING,False
2017-10-18,T173280,PROD-1349,Web Camera,1,55,45,90,WARNING,False
2017-10-18,T173260,PROD-1349,Web Camera,1,54,45,90,WARNING,False
2017-12-21,T177654,PROD-1349,Web Camera,1,53,45,90,WARNING,False
2017-12-21,T177657,PROD-1349,Web Camera,1,52,45,90,WARNING,False
2017-12-21,T177664,PROD-1349,Web Camera,1,51,45,90,WARNING,False
2017-12-21,T177665,PROD-1349,Web Camera,1,50,45,90,WARNING,False
2017-12-21,T177653,PROD-1349,Web Camera,1,49,45,90,WARNING,False
2017-12-21,T177656,PROD-1349,Web Camera,1,48,45,90,WARNING,False
2017-12-21,T177660,PROD-1349,Web Camera,1,47,45,90,WARNING,False
2017-12-21,T177661,PROD-1349,Web Camera,1,46,45,90,WARNING,False
2017-12-21,T177650,PROD-1349,Web Camera,1,45,45,90,CRITICAL,True
2017-12-21,T177659,PROD-1349,Web Camera,1,44,45,90,CRITICAL,False
2017-12-21,T177663,PROD-1349,Web Camera,1,43,45,90,CRITICAL,False
2017-12-21,T177651,PROD-1349,Web Camera,1,42,45,90,CRITICAL,False
2017-12-21,T177652,PROD-1349,Web Camera,1,41,45,90,CRITICAL,False
2017-12-21,T177662,PROD-1349,Web Camera,1,40,45,90,CRITICAL,False
2017-12-21,T177658,PROD-1349,Web Camera,1,39,45,90,CRITICAL,False
2017-12-21,T177666,PROD-1349,Web Camera,1,38,45,90,CRITICAL,False
2017-12-21,T177655,PROD-1349,Web Camera,1,37,45,90,CRITICAL,False
2017-12-22,T177726,PROD-1350,Children's heaters,1,73,55,110,WARNING,True
2017-12-22,T177775,PROD-1350,Children's heaters,1,72,55,110,WARNING,False
2017-12-22,T177727,PROD-1350,Children's heaters,1,71,55,110,WARNING,False
2017-12-22,T177718,PROD-1350,Children's heaters,1,70,55,110,WARNING,False
2017-12-22,T177733,PROD-1350,Children's heaters,1,69,55,110,WARNING,False
2017-12-22,T177742,PROD-1350,Children's heaters,1,68,55,110,WARNING,False
2017-12-22,T177723,PROD-1350,Children's heaters,1,67,55,110,WARNING,False
2017-12-22,T177777,PROD-1350,Children's heaters,1,66,55,110,WARNING,False
2017-12-22,T177748,PROD-1350,Children's heaters,1,65,55,110,WARNING,False
2017-12-22,T177717,PROD-1350,Children's heaters,1,64,55,110,WARNING,False
2017-12-22,T177749,PROD-1350,Children's heaters,1,63,55,110,WARNING,False
2017-12-22,T177735,PROD-1350,Children's heaters,1,62,55,110,WARNING,False
2017-12-22,T177741,PROD-1350,Children's heaters,1,61,55,110,WARNING,False
2017-12-23,T177784,PROD-1350,Children's heaters,1,60,55,110,WARNING,False
2017-12-23,T177796,PROD-1350,Children's heaters,1,59,55,110,WARNING,False
2017-12-23,T177782,PROD-1350,Children's heaters,1,58,55,110,WARNING,False
2017-12-23,T177781,PROD-1350,Children's heaters,1,57,55,110,WARNING,False
2017-12-23,T177780,PROD-1350,Children's heaters,1,56,55,110,WARNING,False
2017-12-23,T177785,PROD-1350,Children's heaters,1,55,55,110,CRITICAL,True
2017-12-23,T177789,PROD-1350,Children's heaters,1,54,55,110,CRITICAL,False
2017-12-23,T177795,PROD-1350,Children's heaters,1,53,55,110,CRITICAL,False
2017-12-23,T177788,PROD-1350,Children's heaters,1,52,55,110,CRITICAL,False
2017-12-23,T177794,PROD-1350,Children's heaters,1,51,55,110,CRITICAL,False
2017-12-23,T177792,PROD-1350,Children's heaters,1,50,55,110,CRITICAL,False
2017-12-23,T177791,PROD-1350,Children's heaters,1,49,55,110,CRITICAL,False
2017-12-23,T177790,PROD-1350,Children's heaters,1,48,55,110,CRITICAL,False
2017-12-23,T177783,PROD-1350,Children's heaters,1,47,55,110,CRITICAL,False
2017-12-23,T177793,PROD-1350,Children's heaters,1,46,55,110,CRITICAL,False
2017-12-23,T177786,PROD-1350,Children's heaters,1,45,55,110,CRITICAL,False
2017-12-23,T177787,PROD-1350,Children's heaters,1,44,55,110,CRITICAL,False
2018-01-10,T179026,PROD-1359,Adult dog supplies,1,81,23,105,WARNING,True
2018-01-10,T179033,PROD-1359,Adult dog supplies,1,80,23,105,WARNING,False
2018-01-10,T179027,PROD-1359,Adult dog supplies,1,79,23,105,WARNING,False
2018-01-10,T179023,PROD-1359,Adult dog supplies,1,78,23,105,WARNING,False
2018-01-10,T179038,PROD-1359,Adult dog supplies,1,77,23,105,WARNING,False
2018-01-10,T179043,PROD-1359,Adult dog supplies,1,76,23,105,WARNING,False
2018-01-10,T179029,PROD-1359,Adult dog supplies,1,75,23,105,WARNING,False
2018-01-10,T179014,PROD-1359,Adult dog supplies,1,74,23,105,WARNING,False
2018-01-10,T179013,PROD-1359,Adult dog supplies,1,73,23,105,WARNING,False
2018-01-10,T179018,PROD-1359,Adult dog supplies,1,72,23,105,WARNING,False
2018-01-10,T179036,PROD-1359,Adult dog supplies,1,71,23,105,WARNING,False
2018-01-10,T179017,PROD-1359,Adult dog supplies,1,70,23,105,WARNING,False
2018-01-10,T179021,PROD-1359,Adult dog supplies,1,69,23,105,WARNING,False
2018-01-10,T179015,PROD-1359,Adult dog supplies,1,68,23,105,WARNING,False
2018-01-10,T179032,PROD-1359,Adult dog supplies,1,67,23,105,WARNING,False
2018-01-10,T179016,PROD-1359,Adult dog supplies,1,66,23,105,WARNING,False
2018-01-10,T179035,PROD-1359,Adult dog supplies,1,65,23,105,WARNING,False
2018-01-10,T179024,PROD-1359,Adult dog supplies,1,64,23,105,WARNING,False
2018-01-10,T179019,PROD-1359,Adult dog supplies,1,63,23,105,WARNING,False
2018-01-10,T179020,PROD-1359,Adult dog supplies,1,62,23,105,WARNING,False
2018-01-10,T179030,PROD-1359,Adult dog supplies,1,61,23,105,WARNING,False
2018-01-10,T179042,PROD-1359,Adult dog supplies,1,60,23,105,WARNING,False
2018-01-10,T179022,PROD-1359,Adult dog supplies,1,59,23,105,WARNING,False
2018-01-10,T179039,PROD-1359,Adult dog supplies,1,58,23,105,WARNING,False
2018-01-10,T179031,PROD-1359,Adult dog supplies,1,57,23,105,WARNING,False
2018-01-10,T179041,PROD-1359,Adult dog supplies,1,56,23,105,WARNING,False
2018-01-10,T179034,PROD-1359,Adult dog supplies,1,55,23,105,WARNING,False
2018-01-10,T179037,PROD-1359,Adult dog supplies,1,54,23,105,WARNING,False
2018-01-10,T179025,PROD-1359,Adult dog supplies,1,53,23,105,WARNING,False
2018-01-10,T179028,PROD-1359,Adult dog supplies,1,52,23,105,WARNING,False
2018-01-17,T179511,PROD-1361,Toys,1,70,50,100,WARNING,True
2018-01-17,T179523,PROD-1361,Toys,1,69,50,100,WARNING,False
2018-01-17,T179524,PROD-1361,Toys,1,68,50,100,WARNING,False
2018-01-17,T179528,PROD-1361,Toys,1,67,50,100,WARNING,False
2018-01-17,T179521,PROD-1361,Toys,1,66,50,100,WARNING,False
2018-01-17,T179527,PROD-1361,Toys,1,65,50,100,WARNING,False
2018-01-17,T179529,PROD-1361,Toys,1,64,50,100,WARNING,False
2018-01-17,T179526,PROD-1361,Toys,1,63,50,100,WARNING,False
2018-01-17,T179501,PROD-1361,Toys,1,62,50,100,WARNING,False
2018-01-17,T179507,PROD-1361,Toys,1,61,50,100,WARNING,False
2018-01-17,T179510,PROD-1361,Toys,1,60,50,100,WARNING,False
2018-01-17,T179522,PROD-1361,Toys,1,59,50,100,WARNING,False
2018-01-17,T179500,PROD-1361,Toys,1,58,50,100,WARNING,False
2018-01-17,T179504,PROD-1361,Toys,1,57,50,100,WARNING,False
2018-01-17,T179525,PROD-1361,Toys,1,56,50,100,WARNING,False
2018-01-17,T179496,PROD-1361,Toys,1,55,50,100,WARNING,False
2018-01-17,T179505,PROD-1361,Toys,1,54,50,100,WARNING,False
2018-01-17,T179495,PROD-1361,Toys,1,53,50,100,WARNING,False
2018-01-17,T179494,PROD-1361,Toys,1,52,50,100,WARNING,False
2018-01-17,T179493,PROD-1361,Toys,1,51,50,100,WARNING,False
2018-01-17,T179497,PROD-1361,Toys,1,50,50,100,CRITICAL,True
2018-01-17,T179503,PROD-1361,Toys,1,49,50,100,CRITICAL,False
2018-01-17,T179508,PROD-1361,Toys,1,48,50,100,CRITICAL,False
2018-01-17,T179514,PROD-1361,Toys,1,47,50,100,CRITICAL,False
2018-01-17,T179502,PROD-1361,Toys,1,46,50,100,CRITICAL,False
2018-01-17,T179509,PROD-1361,Toys,1,45,50,100,CRITICAL,False
2018-01-17,T179506,PROD-1361,Toys,1,44,50,100,CRITICAL,False
2018-01-17,T179499,PROD-1361,Toys,1,43,50,100,CRITICAL,False
2018-01-17,T179498,PROD-1361,Toys,1,42,50,100,CRITICAL,False
2018-01-26,T180121,PROD-1362,Fighting video games,1,99,31,140,WARNING,True
2018-01-26,T180118,PROD-1362,Fighting video games,1,98,31,140,WARNING,False
2018-01-26,T180131,PROD-1362,Fighting video games,1,97,31,140,WARNING,False
2018-01-26,T180109,PROD-1362,Fighting video games,1,96,31,140,WARNING,False
2018-01-26,T180115,PROD-1362,Fighting video games,1,95,31,140,WARNING,False
2018-01-26,T180138,PROD-1362,Fighting video games,1,94,31,140,WARNING,False
2018-01-26,T180136,PROD-1362,Fighting video games,1,93,31,140,WARNING,False
2018-01-26,T180134,PROD-1362,Fighting video games,1,92,31,140,WARNING,False
2018-01-26,T180128,PROD-1362,Fighting video games,1,91,31,140,WARNING,False
2018-01-26,T180110,PROD-1362,Fighting video games,1,90,31,140,WARNING,False
2018-01-26,T180119,PROD-1362,Fighting video games,1,89,31,140,WARNING,False
2018-01-26,T180137,PROD-1362,Fighting video games,1,88,31,140,WARNING,False
2018-01-26,T180135,PROD-1362,Fighting video games,1,87,31,140,WARNING,False
2018-01-26,T180113,PROD-1362,Fighting video games,1,86,31,140,WARNING,False
2018-01-26,T180111,PROD-1362,Fighting video games,1,85,31,140,WARNING,False
2018-01-26,T180116,PROD-1362,Fighting video games,1,84,31,140,WARNING,False
2018-01-26,T180126,PROD-1362,Fighting video games,1,83,31,140,WARNING,False
2018-01-26,T180117,PROD-1362,Fighting video games,1,82,31,140,WARNING,False
2018-01-26,T180114,PROD-1362,Fighting video games,1,81,31,140,WARNING,False
2018-01-26,T180127,PROD-1362,Fighting video games,1,80,31,140,WARNING,False
2018-01-26,T180122,PROD-1362,Fighting video games,1,79,31,140,WARNING,False
2018-01-26,T180132,PROD-1362,Fighting video games,1,78,31,140,WARNING,False
2018-01-26,T180112,PROD-1362,Fighting video games,1,77,31,140,WARNING,False
2018-01-26,T180120,PROD-1362,Fighting video games,1,76,31,140,WARNING,False
2018-01-26,T180133,PROD-1362,Fighting video games,1,75,31,140,WARNING,False
2018-01-26,T180123,PROD-1362,Fighting video games,1,74,31,140,WARNING,False
2018-01-26,T180129,PROD-1362,Fighting video games,1,73,31,140,WARNING,False
2018-01-26,T180125,PROD-1362,Fighting video games,1,72,31,140,WARNING,False
2018-01-26,T180130,PROD-1362,Fighting video games,1,71,31,140,WARNING,False
2018-01-31,T180469,PROD-1363,Summer dresses,1,87,65,130,WARNING,True
2018-01-31,T180472,PROD-1363,Summer dresses,1,86,65,130,WARNING,False
2018-01-31,T180454,PROD-1363,Summer dresses,1,85,65,130,WARNING,False
2018-01-31,T180493,PROD-1363,Summer dresses,1,84,65,130,WARNING,False
2018-01-31,T180499,PROD-1363,Summer dresses,1,83,65,130,WARNING,False
2018-01-31,T180466,PROD-1363,Summer dresses,1,82,65,130,WARNING,False
2018-01-31,T180455,PROD-1363,Summer dresses,1,81,65,130,WARNING,False
2018-01-31,T180471,PROD-1363,Summer dresses,1,80,65,130,WARNING,False
2018-01-31,T180456,PROD-1363,Summer dresses,1,79,65,130,WARNING,False
2018-01-31,T180480,PROD-1363,Summer dresses,1,78,65,130,WARNING,False
2018-01-31,T180478,PROD-1363,Summer dresses,1,77,65,130,WARNING,False
2018-01-31,T180502,PROD-1363,Summer dresses,1,76,65,130,WARNING,False
2018-01-31,T180460,PROD-1363,Summer dresses,1,75,65,130,WARNING,False
2018-01-31,T180511,PROD-1363,Summer dresses,1,74,65,130,WARNING,False
2018-01-31,T180508,PROD-1363,Summer dresses,1,73,65,130,WARNING,False
2018-01-31,T180518,PROD-1361,Toys,1,41,50,100,CRITICAL,False
2018-01-31,T180483,PROD-1363,Summer dresses,1,72,65,130,WARNING,False
2018-01-31,T180515,PROD-1363,Summer dresses,1,71,65,130,WARNING,False
2018-01-31,T180498,PROD-1363,Summer dresses,1,70,65,130,WARNING,False
2018-01-31,T180495,PROD-1363,Summer dresses,1,69,65,130,WARNING,False
2018-01-31,T180479,PROD-1363,Summer dresses,1,68,65,130,WARNING,False
2018-01-31,T180485,PROD-1363,Summer dresses,1,67,65,130,WARNING,False
2018-01-31,T180500,PROD-1363,Summer dresses,1,66,65,130,WARNING,False
2018-01-31,T180462,PROD-1363,Summer dresses,1,65,65,130,CRITICAL,True
2018-01-31,T180473,PROD-1363,Summer dresses,1,64,65,130,CRITICAL,False
2018-01-31,T180514,PROD-1363,Summer dresses,1,63,65,130,CRITICAL,False
2018-01-31,T180490,PROD-1363,Summer dresses,1,62,65,130,CRITICAL,False
2018-01-31,T180504,PROD-1363,Summer dresses,1,61,65,130,CRITICAL,False
2018-01-31,T180464,PROD-1363,Summer dresses,1,60,65,130,CRITICAL,False
2018-01-31,T180519,PROD-1362,Fighting video games,1,70,31,140,WARNING,False
2018-01-31,T180488,PROD-1363,Summer dresses,1,59,65,130,CRITICAL,False
2018-01-31,T180486,PROD-1363,Summer dresses,1,58,65,130,CRITICAL,False
